Content,Sentiment,Sentiment_Class
Maria Sk≈Çodowska-Curie according to Google's Gemini AI,0.0,neutral
Google Gemini AI-image generator refuses to generate images of white people and purposefully alters history to fake diversity,-0.25,negative
I use GoogleGeminiAI,0.0,neutral
[D] Is Google Gemini the real deal or a publicity stunt?,0.2,positive
outjerked by woke google gemini ai,0.0,neutral
Google suspends Gemini from making AI images of people after a backlash complaining it was 'woke',0.0,neutral
"Google apologizes after new Gemini AI refuses to show pictures, achievements of White people",0.06818181818181818,positive
Google Gemini AI image generator reminded me of BFV ü§£,0.0,neutral
Not surprising but Google's Gemini AI has a pro-Israel bias,-0.35,negative
Google‚Äôs Gemini assistant is a fantastic and frustrating glimpse of the AI future,0.0,neutral
Google admits that a Gemini AI demo video was staged,0.0,neutral
100% Honest Take on Google Gemini,0.6,positive
This is the Head of Google's Gemini AI Technology,0.0,neutral
Google/Alphabet will release Gemini AI later this year. Probably way more powerful than GPT-4. Time to buy?,0.26666666666666666,positive
"Google's Gemini AI: I Can't Say Pedophilia is ""Wrong."" It's a ""Nuanced"" Question.",-0.5,negative
Google's Gemini AI Demo was Partly Fabricated,0.0,neutral
Using Google's Gemini-AI with GoLang,0.0,neutral
"Google apologizes after new Gemini AI refuses to show pictures, achievements of White people",0.06818181818181818,positive
Google's Gemini AI is dumb,-0.375,negative
Google rebrands Bard AI to Gemini and launches a new app and subscription,0.13636363636363635,positive
Google's Gemini is so powerful that OpenAI probably won't release GPT-5 until late 2025,0.0,neutral
[Paywall] Google Nears Release of Gemini AI to Challenge OpenAI,0.0,neutral
Finding Ways to Access Google's Gemini: My Thoughts,0.0,neutral
Is Google's Gemini Pro AI model available in your country? [OC],0.4,positive
I took Gemini Pro and Pro Vision for a spin in the Google AI Studio,0.0,neutral
Google drops Gemini to end ChatGPT's reign. Who will win this AI-war?,0.8,positive
Images I generated using Google Gemini AI,0.0,neutral
The Verge: Google‚Äôs Gemini AI now has a new app and works across Google products.,0.13636363636363635,positive
"Yugoslav flag, according to Google's Gemini AI",0.0,neutral
"Gemini app brings Google AI to Android and iPhone, rolling out now",0.0,neutral
"Google's AI chatbot Gemini makes 'diverse' images of founding fathers, popes and vikings: 'So woke it's unusable'",0.0,neutral
Gemini AI,0.0,neutral
Google admits the Gemini AI demo hands-on video was staged,0.0,neutral
Google pauses Gemini‚Äôs ability to generate AI images of people after diversity errors,0.0,neutral
"SHOCK: Google AI ""Gemini"" REFUSES To Make Images Of White People ... This Is DIGITAL GENOCIDE",0.0,neutral
What do you think about new Google Gemini?,0.13636363636363635,positive
google gemini text to image ai meme,0.0,neutral
Gemini AI is so bad ü§£ Can't send texts either,-0.6999999999999998,negative
La GenAI Gemini de Google prise au pi√®ge de la diversit√©,0.0,neutral
(The Information) Briefing: Google Preps Public Preview of Gemini AI After Postponing In-Person Events,0.0,neutral
Google Gemini AI: Everything We Know So Far Google Gemini AI: Everything We Know,0.1,positive
Google admits that a Gemini AI demo video was staged,0.0,neutral
Google‚Äôs Gemini AI model is coming to the Pixel 8 Pro ‚Äî and eventually to Android,0.0,neutral
Google Gemini Ai,0.0,neutral
Personal theory on why Google‚Äôs Gemini is producing biased images,0.0,neutral
"Google launches Gemini, the AI model it hopes will take down GPT-4",-0.15555555555555559,negative
Google Gemini Multimodal demo is incredible,0.9,positive
Google Gemini AI Image Generator,0.0,neutral
Introducing Gemini: our largest and most capable AI model,0.35,positive
Google Gemini AI questions about racism.,0.0,neutral
Gemini Advanced (paid version of Google new AI model Gemini) is totally useless for programming. Can't answer any of my real life programming questions. GPT-4 works as expected.,0.027272727272727275,positive
Google Gemini AI,0.0,neutral
Google Gemini AI,0.0,neutral
Build amazing AI projects with Google‚Äôs Gemini models and Python,0.6000000000000001,positive
"Google launches its largest and ‚Äòmost capable‚Äô AI model, Gemini",0.35,positive
Google just released their latest AI model ‚ÄúGemini‚Äù and it‚Äôs mind-blowing! ü§Øü§Øü§Ø,0.625,positive
https://blog.google/technology/ai/google-gemini-ai/,0.0,neutral
Google Gemini,0.0,neutral
An AI talks about Google Gemini AI's Diversity Drama..,0.0,neutral
Finding Ways to Access Google's Gemini in Europe: My Thoughts,0.0,neutral
https://blog.google/technology/ai/google-gemini-ai/,0.0,neutral
A.I. Generated Tron images - Google Gemini,0.0,neutral
An AI Talks about Google's Gemini AI Diversity Drama...,0.0,neutral
"(Ugh) Introducing Gemini 1.5, Google's next-generation AI model",0.0,neutral
Google Gemini AI: How to Use Gemini AI with Bard Chatbot (vs GPT4),0.0,neutral
Integrating Google's Gemini AI Model into R,0.0,neutral
Google's Gemini AI is already closing in on Microsoft-backed ChatGPT,0.0,neutral
Google's Gemini Enters the AI Arena: Ready to Take on OpenAI?,0.2,positive
"Gemini rolling out to Gmail, Docs, and more with Google One AI Premium",0.5,positive
"‚ÄéGemini Advanced - get access to Google‚Äôs most capable AI model, Ultra 1.0",0.3666666666666667,positive
Gemini AI (google's AI) seems to hate Mormons,-0.8,negative
Should I use Google Gemini or GPT? Which one is better?,0.5,positive
Google Gemini AI API | Vertex AI,0.0,neutral
Gemini Advanced is shockingly the worst AI I've ever seen in my life.,-0.5333333333333333,negative
Google's Gemini AI: A New Dawn in Conversational AI,0.13636363636363635,positive
Generative AI PHP Client library (for Google's Gemini Pro),0.0,neutral
Google's Gemini AI wows,0.0,neutral
Share your thoughts on Google's new Gemini AI,0.13636363636363635,positive
Google's Gemini AI Drama is Diversity Gone Mad...,-0.625,negative
New Gemini AI replacing Google assistant,0.13636363636363635,positive
How to Use Google Gemini AI in Bard - Google Gemini Tutorial,0.0,neutral
Gemini Advanced (paid version of Google new AI model Gemini) is totally useless for programming. Can't answer any of my real life programming questions. GPT-4 works as expected.,0.027272727272727275,positive
What is Google's Gemini AI?,0.0,neutral
realistically what can we expect from google gemini and Deepmind?,0.0,neutral
How to Use Google Gemini AI in Bard - Google Gemini Tutorial,0.0,neutral
"DEMO: Google's new multi-modal AI called ""Gemini""",0.13636363636363635,positive
Even Googles Gemini AI knows Obama is the Shadow President.,0.0,neutral
Google‚Äôs Gemini AI model is coming to the Pixel 8 Pro ‚Äî and eventually to Android,0.0,neutral
What are some alternatives to Google's Gemini AI?,0.0,neutral
"Gemini, Google's AI, suggested this prompt. I found it wholesome considering everything that's happening.",0.0,neutral
Google Admits Gemini AI Demo Was at Least Partially Faked,-0.2,negative
"Google Gemini MultiModal Demo. this is INCREDIBLE, especially as it progresses",0.45,positive
Telegram bot to chat with Google Gemini AI chatbot,0.0,neutral
Gemini ai vs assistant for google lens,0.0,neutral
This is the Head of Google's Gemini AI Technology,0.0,neutral
Google debuts Gemini AI for enterprise tools,0.0,neutral
Googles GEMINI AI: Full Breakdown + Technical Report,0.175,positive
Google One family plan owner upgraded - but no Gemini Advanced features usable yet,0.4,positive
Telegram bot to chat with Google Gemini AI chatbot,0.0,neutral
Google Launches Gemini AI - World's 1st Multimodal AI,0.0,neutral
Google Gemini AI Powerhouse Performance vs ChatGPT,0.0,neutral
Google's Gemini is all set to be it's first candidate for AGI.,0.25,positive
Telegram bot to chat with Google Gemini AI chatbot,0.0,neutral
"Brian Roemmele: ""I have been testing a version of Google‚Äôs Gemini and find it very interesting. It is equivalent to ChatGPT-4 but with newly up to the second knowledge base. """,-0.003409090909090917,negative
Community debates Google's Gemini AI vs OpenAI's GPT-4 #News #Google #AI #Grafa,0.0,neutral
Google Launches Gemini AI - World's 1st Multimodal AI,0.0,neutral
Google's Gemini AI: The Universal AI Competing with ChatGPT,0.0,neutral
Google's New AI Gemini Outperforms GPT-4 and Human Experts Across 57 Subjects | AI Tech Report,0.06818181818181818,positive
How to Use Google Gemini AI in Bard - Gemini Tutorial,0.0,neutral
Is anyone else very disappointed with Google's Gemini?,-0.9750000000000001,negative
How to Use Google Gemini AI in Bard - Gemini Tutorial,0.0,neutral
Gemini: Google‚Äôs newest and most capable AI model,0.35,positive
I Developed Telegram bot to chat with Google Gemini AI chatbot,0.1,positive
Google's Gemini AI: Bringing 'Her' & 'JARVIS' To Life?,0.0,neutral
All Know About to Google Gemini AI,0.0,neutral
Google's project Gemini. How good could it be?,0.7,positive
Swift WinRT & WinUI 3 Google Gemini AI Chat App Short Demo | Google Generative AI,0.0,neutral
"Google just released Gemini üß†, available in Vertex AI starting December 13",0.2,positive
Google's Gemini AI Demo Accused of Being ‚ÄòFake‚Äô,-0.5,negative
Google says its Gemini AI outperforms both GPT-4 and expert humans,0.0,neutral
Swift WinRT & WinUI 3 Google Gemini AI Chat App Short Demo | Google Generative AI,0.0,neutral
Gemini Advanced (paid version of Google new AI model Gemini) is totally useless for programming. Can't answer any of my real life programming questions. GPT-4 works as expected.,0.027272727272727275,positive
"Google has quietly pushed back the launch of next-gen AI model Gemini until next year, report says",0.0,neutral
Should I use Google Gemini or GPT? Which one is better?,0.5,positive
Inaccuracies Force Google Gemini AI Suspend Generation of Images of People,0.0,neutral
Know every thing about Google Gemini Ai .,0.0,neutral
"Google's next-generation AI model ""Gemini"" to launch this fall",0.0,neutral
Google Gemini AI Will Change Stock Trading Forever,0.0,neutral
"Google HATES WHITE PEOPLE, New Google Gemini AI REFUSES To Make Pictures Of White People",0.04545454545454545,positive
"lmao Google's Gemini AI refuses to generate white people, I mean, here is what I get when I try and generate Destiny",0.09583333333333333,positive
Google's Gemini AI Blasted For Eliminating White People From Image Searches,-0.3,negative
What is Google Gemini and its future? Why should we know about it?,0.0,neutral
Social Media Joyride with ChatGPT & Google Gemini AI (Bard),0.03333333333333333,positive
"With a 155 IQ, GPT-4 is smart enough. Gemini must reduce hallucinations from about 10% to 5% or less.",0.015873015873015872,positive
Google admits that a Gemini AI demo video was staged,0.0,neutral
"Google weighs Gemini AI project to tell people their life story using phone data, photos",0.0,neutral
"Ahaapple has supported Google Gemini Ai model, which is free",0.4,positive
Adapting a Web App for Multi-Modal Generative AI - like Google Gemini to Allow Copy-Pasting of API Key,0.0,neutral
How Google's Gemini AI model got its name,0.0,neutral
Google Launches AI Model Gemini,0.0,neutral
Online critics say Google's Gemini AI tech demo is 'fake' #News #Google #AI #Tech #ASIC,-0.5,negative
"Meet Gemini 1.5, Google's newest AI model with major upgrades from its predecessor",0.0625,positive
Social Media Joyride with ChatGPT & Google Gemini AI (Bard),0.03333333333333333,positive
Is the Gemini AI coming to the 8s as well as the 8 Pros?,0.0,neutral
"Gemini rolling out to Gmail, Docs, and more with Google One AI Premium",0.5,positive
"SHOCK: Google AI ""Gemini"" REFUSES To Make Images Of White People ... This Is DIGITAL GENOCIDE",0.0,neutral
Google's Gemini Advanced: Redefining Premium AI Services for NASDAQ:GOOGL by DEXWireNews,0.4,positive
Google Faked Gemini AI Demo,0.0,neutral
Get EARLY ACCESS to Gemini AI (Outperformed ChatGPT),0.1,positive
Google's Gemini AI - Is It the real breakthrough,0.2,positive
Gemini AI on iOS,0.0,neutral
"I asked the new Google Gemini AI to give me an image of Two from TPOT, and this is what it gave me:",0.13636363636363635,positive
Google Launches Gemini AI - World's 1st Multimodal AI,0.0,neutral
"Capabilities of Google's new AI Gemini, able to understand seamlessly across text, images, video, audio and code",0.24545454545454545,positive
i made a video about this new Google Gemini Ai.its 1 minute and with some funny edits.If you are interested.,0.21212121212121213,positive
Google Gemini AI: Ein Neuer Stern am KI-Himmel,0.0,neutral
Learning and playing with Gemini: A glimpse into the future of AI,0.0,neutral
"‚ÄéGemini Advanced - get access to Google‚Äôs most capable AI model, Ultra 1.0",0.3666666666666667,positive
Google $GOOG just dropped a major AI bomb: Meet Gemini!,0.078125,positive
What is Google AI Gemini?,0.0,neutral
I asked Googles Gemini AI What‚Äôs the origin of COVID-19? It gave me 2 possibilities.,0.0,neutral
Will Google's Gemini also be able to generate videos?,0.5,positive
"Unveiling the Truth Behind the ""Google Gemini AI Fake"" Controversy",-0.45,negative
Google New AI Gemini 1.5 ‚Äì What‚Äôs the Big Deal?,0.06818181818181818,positive
"Unveiling the Truth Behind the ""Google Gemini AI Fake"" Controversy",-0.45,negative
Google‚Äôs Gemini AI unveiled and here is what you need to know,0.0,neutral
What is Google Gemini AI and How to use it?,0.0,neutral
Google One subscription - nearly 3 months lost for trying out Gemini,0.1,positive
Conversational Google Gemini AI Software nears release,0.0,neutral
Where and how can I actually USE Google's Gemini?,0.0,neutral
"Woke vs Realt√† , Google si adegua ai deliri del politicamente corretto e sminchia Gemini",0.0,neutral
Google refines Gemini AI model in response to criticism #Business #News #Google #AI #Grafa,0.0,neutral
Google's Gemini AI Demo Video Sparks Controversy and Raises Questions,0.0,neutral
"Google launched Gemini, a ground-breaking initiative that is poised to transform the generative AI space",0.0,neutral
"Even if Gemini Ultra is considered less intelligent and below GPT-4 in performance, Google is gradually eating OpenAI's lunch.",0.3166666666666667,positive
"Want to Know About Google Gemini, a new generative AI platform that recently made its big debut. Check Out this Blog Post.",0.04545454545454545,positive
What happened to Google Gemini AI? Model's release date gets delayed to next year,0.0,neutral
Gemini: Google's most capable AI model yet,0.35,positive
Google 'Apologizes' for Gemini AI Erasing White People,0.0,neutral
Google‚Äôs Gemini: Revolutionizing the Generative AI Landscape,0.0,neutral
Google-Samsung partnership sees Gemini power Galaxy S24's AI features,0.0,neutral
Google Launches AI Model Gemini,0.0,neutral
How does Google AI Gemini work?,0.0,neutral
Google's Gemini AI: Building a Complete Chat Application using Flutter & Python,0.1,positive
DeepMind CEO: Gemini AI to Surpass ChatGPT with New Capabilities,0.13636363636363635,positive
"Google's Gemini AI Software Faces Delay, Cloud Sales Growth Slows",0.0,neutral
Google‚Äôs Gemini: Revolutionizing the Generative AI Landscape,0.0,neutral
"Google apologizes after new Gemini AI refuses to show pictures, achievements of White people",0.06818181818181818,positive
Google‚Äôs Gemini assistant is a fantastic and frustrating glimpse of the AI future,0.0,neutral
"This Jack soy boy is the head of Google's AI called Gemini, which provides historically inaccurate and racist results.",0.0,neutral
Meet Gemini: A Google‚Äôs Groundbreaking Multimodal AI Model Redefining the Future of Artificial Intelligence,-0.3,negative
How to use Google's Gemini AI app on your Android phone | Digital Trends,0.0,neutral
"Want to Know About Google Gemini, a new generative AI platform that recently made its big debut. Check Out this Blog Post.",0.04545454545454545,positive
Google Gemini AI is now available for enterprise development | VentureBeat,0.4,positive
"Just When You Think The Google Gemini AI Story Can‚Äôt Get Any Worse, It Does",-0.4,negative
Gemini Advanced (paid version of Google new AI model Gemini) is totally useless for programming. Can't answer any of my real life programming questions.,0.0590909090909091,positive
Google Gemini AI is now available for enterprise development | VentureBeat,0.4,positive
Introducing Google Gemini Advanced: A Breakthrough in AI-Powered Communication,0.4,positive
Google Gemini AI is now available for enterprise development | VentureBeat,0.4,positive
Google says its Gemini AI outperforms both GPT-4 and expert humans,0.0,neutral
"Enable Google's Gemini AI experiments by ""forcing"" the Pixel Phone to Download the large language model.",0.21428571428571427,positive
The Story Behind Gemini AI - What Google Keeps From You,-0.4,negative
Social Media Joyride with ChatGPT and Google Gemini AI (Bard) ($84.99 to FREE),0.21666666666666667,positive
Google Nears Release of AI Software Gemini,0.0,neutral
Google's Gemini AI came up with a great analogy for PIED and its effects on arousal.,0.8,positive
"Google cancelled Google One w/ AI 2-month free trial after 24 hours, says I did it - Customer Service response:",0.4,positive
Google Gemini AI is now available for users in over 170 countries,0.4,positive
"Google introduces Gemini, its 'most capable' AI model to take on OpenAI's GPT-4 | - Times of India",0.35,positive
Social Media Joyride with ChatGPT and Google Gemini AI (Bard) ($84.99 to FREE),0.21666666666666667,positive
How to Use Gemini Ultra AI by Google Tutorial ‚ú¶ Gemini Advanced Crash Co...,0.4,positive
"Just When You Think The Google Gemini AI Story Can‚Äôt Get Any Worse, It Does",-0.4,negative
Google Gemini Already In Controversy Over Released Viral AI Video Just After 1 Day Of Release,0.0,neutral
Google's Gemini AI outperforms OpenAI and human experts in 30 out of 32 industry benchmarks,0.0,neutral
"Introducing Gemini 1.5, Google's next-generation AI model",0.0,neutral
Gemini AI by Google: How to use Gemini AI on an iPhone - AI Tool Guide,0.0,neutral
I made a free course on the new Gemini AI Python API,0.2681818181818182,positive
"Google apologizes after new Gemini AI refuses to show pictures, achievements of White people",0.06818181818181818,positive
AI Wars: Google‚Äôs Next-Gen ‚ÄòGemini‚Äô AI Goes Head to Head With ChatGPT,0.0,neutral
Google rebrands AI chatbot to Gemini #News #Google #Technology #AI #Tech,0.0,neutral
Google launches AI model Gemini (EXPLAINED),0.0,neutral
What are the limitations of Google AI Gemini?,0.0,neutral
Google‚Äôs Gemini AI now has a new app and works across Google products - The Verge,0.13636363636363635,positive
Google Gemini (Gemini AI),0.0,neutral
Bard AI (Google Gemini) is actually broken and needs to be nerfed‚Ä¶,-0.4,negative
Google is reportedly pushing the launch of its Gemini AI to 2024,0.0,neutral
"Gemini 1.5, Google‚Äôs Next Generation AI Model",0.0,neutral
New York Post Google pauses ‚Äòabsurdly woke‚Äô Gemini AI chatbot‚Äôs image tool after backlash over historically inaccurate pictures,-0.12121212121212122,negative
I think people are over reacting to the gemini ultra release.,0.0,neutral
Google Ai Gemini master race,0.0,neutral
Gemini: Google‚Äôs newest and most capable AI model,0.35,positive
Google pauses Gemini‚Äôs ability to generate AI images of people after diversity errors,0.0,neutral
Google (finally) releasing Gemini - Their new state of the art AI model,0.06818181818181818,positive
Google Assistant vs Gemini Ai,0.0,neutral
Unpacking Google Gemini and its Potential Impact on AI,0.0,neutral
"""Google DeepMind‚Äôs CEO says its next algorithm will eclipse ChatGPT""",0.0,neutral
Google's Gemini ‚ôä,0.0,neutral
Social Media Growth: Use ChatGPT and Google Gemini AI in 2024 ($19.99 to FREE),0.21666666666666667,positive
How to use Gemini AI by Google for Beginners,0.0,neutral
Google's Gemini AI Takes on OpenAI's GPT-4 in the Race for AI Supremacy,0.0,neutral
Google‚Äôs Sundar Pichai Calls Gemini Race Swap AI Images ‚ÄúUnacceptable‚Äù,0.0,neutral
"Sundar Pichai Slams ""Completely Unacceptable"" Gemini AI Gaffes",0.1,positive
Google CEO Slams 'Completely Unacceptable' Gemini AI Errors,0.1,positive
Google CEO slams 'completely unacceptable' Gemini AI errors,0.1,positive
Google CEO slams 'completely unacceptable' Gemini AI errors,0.1,positive
Gemini Introduces Google Calendar Integration,0.0,neutral
"Google working to fix Gemini AI as CEO calls some responses ""unacceptable""",0.0,neutral
"Google working to fix Gemini AI as CEO calls some responses ""unacceptable""",0.0,neutral
"Google working to fix Gemini AI as CEO calls some responses ""unacceptable""",0.0,neutral
Sundar Pichai commits to addressing Gemini app‚Äôs biases and errors,0.0,neutral
Why TikTok's Search Bar Loves To Talk Sh*t,0.0,neutral
Disastrous Gemini Rollout Exposes Leftist Rot Permeating All Of Google,-0.375,negative
Is Google‚Äôs Gemini biased? Here‚Äôs what to consider when discussing AI in politics,0.0,neutral
Google calls Microsoft‚Äôs cloud practices in the EU anti-competitive,0.0,neutral
Zuckerberg discusses AI risks with Japan PM during Asia tour,0.0,neutral
‚ÄúUnacceptable‚Äù: Google CEO Sundar Pichai on Gemini‚Äôs ‚Äòwoke‚Äô and offensive outputs,0.0,neutral
Sundar Pichai addresses Gemini‚Äôs ‚Äòunacceptable‚Äô errors and ‚Äòat scale‚Äô fixes,0.0,neutral
Zuckerberg Discusses AI Risks With Japan PM During Asia Tour,0.0,neutral
Sundar Pichai says Gemini‚Äôs controversial responses ‚Äòcompletely unacceptable‚Äô: report,0.325,positive
Zuckerberg discusses AI risks with Japan PM during Asia tour,0.0,neutral
Google CEO: Gemini AI photo diversity scandal ‚Äòoffended our users‚Äô,0.0,neutral
Google CEO Sundar Pichai blasts √¢¬Ä¬òunacceptable√¢¬Ä¬ô Gemini image generation failure,-0.3166666666666667,negative
Zuckerberg discusses AI risks with Kishida,0.0,neutral
Google CEO Blasts ‚ÄòUnacceptable‚Äô Gemini Image Generation Failure,-0.3166666666666667,negative
Google wants regulators to take Microsoft down a notch before it stifles AI,0.022222222222222213,positive
Google plans to relaunch Gemini AI image tool amid controversy,0.0,neutral
Google CEO says Gemini AI diversity errors are ‚Äòcompletely unacceptable‚Äô,0.1,positive
Google CEO calls AI tool‚Äôs controversial responses ‚Äòcompletely unacceptable‚Äô,0.325,positive
Unlock the Power of Communication: Google Messages Introduces Gemini Chat,0.0,neutral
"Google CEO calls Gemini completely unacceptable, vows to make structural changes",0.1,positive
"'Unacceptable, we were wrong"": Under-fire Google CEO Pichai reacts to Gemini AI fall-out",-0.5,negative
Google√¢¬Ä¬ôs AI image generator isn√¢¬Ä¬ôt just woke √¢¬Ä¬ì it√¢¬Ä¬ôs full-blown communist,0.0,neutral
Microsoft‚Äôs Copilot wants to replace Google Assistant,0.2,positive
"Google‚Äôs AI news tool, which ‚Äúscrapes‚Äù info without consent, raises ethical concerns in beta program",0.2,positive
Memo: Google CEO Sundar Pichai calls Gemini's problematic responses around race ‚Äúcompletely unacceptable‚Äù and vows to make structural changes to fix the problem,0.1,positive
Google is experiencing a backlash against its advanced-AI-powered Gemini that has broadened over the chatbot's responses to provocative either-or questions,0.0,neutral
Google CEO calls AI tool‚Äôs controversial responses ‚Äòcompletely unacceptable‚Äô,0.325,positive
Show HN: Dockerized Gemini OpenAI API Proxy,0.0,neutral
Why Google's 'woke' AI problem won't be an easy fix,0.43333333333333335,positive
Zuckerberg Discusses AI Risks With Japan PM,0.0,neutral
Jim Cramer says Alphabet needs to streamline its business ventures like Apple did,0.0,neutral
"AI Reportedly Fails Voters With Wrong, Harmful Answers On US Elections: 'Chatbots Not Ready for Primetime'",-0.3666666666666667,negative
"Google Gemini pushes restrictions on political, ‚Äòelection-related queries‚Äô out of ‚Äòan abundance of caution‚Äô",0.0,neutral
"You Ask, I Answer: AI Works And Copyright?",0.0,neutral
Zuckerberg discusses AI risks with Japan PM,0.0,neutral
Zuckerberg discusses AI risks with Japan PM,0.0,neutral
Zuckerberg discusses AI risks with Japan PM,0.0,neutral
Why Google's 'woke' AI problem won't be an easy fix,0.43333333333333335,positive
Seeking Reliable Election Information? Don‚Äôt Trust AI,0.0,neutral
Why Google's 'woke' AI problem won't be an easy fix,0.43333333333333335,positive
Every Car Is an Apple Car,0.0,neutral
Jim Cramer says Alphabet needs to streamline its business ventures like Apple did,0.0,neutral
AIs serve up ‚Äògarbage‚Äô to questions about voting and elections,0.0,neutral
AI Continues Journey From Lab to Lifestyle at Mobile World Congress,0.0,neutral
"AI chatbots spit out wildly inaccurate election info, study finds",0.1,positive
"AI chatbots spit out wildly inaccurate election info, study finds",0.1,positive
Megan McArdle: Google's Gemini AI Said the Quiet Part Out Loud (John Sexton/HotAir),0.05,positive
"Chatbots‚Äô inaccurate, misleading responses about US elections threaten to keep voters from polls",0.0,neutral
"Chatbots‚Äô inaccurate, misleading responses about US elections threaten to keep voters from polls",0.0,neutral
"Alphabet Shares Take a Tumble, Erase $70 Billion, After Woke Gemini Chatbot ‚ÄòHallucinates‚Äô and Shows Crazy Racial Bias",-0.6,negative
Does Gemini completely replace Google Assistant?,0.1,positive
"Chatbot info on U.S. elections is inaccurate, misleading and could keep voters from polls, report finds",0.0,neutral
"Chatbot info on U.S. elections is inaccurate, misleading and could keep voters from polls, report finds",0.0,neutral
I asked Google Gemini to be Align's new podcast host,0.13636363636363635,positive
"Daily Search Forum Recap: February 27, 2024",0.0,neutral
You can now set Microsoft Copilot as your default Android assistant,0.0,neutral
"Best of MWC 2024: HONOR AI phones, Lenovo transparent laptop, and more",0.75,positive
"'The chatbots are not ready for primetime': Election officials, tech experts sound the alarm on the first AI election",0.18333333333333335,positive
Apple ditches decade-long ‚ÄòProject Titan‚Äô electric car venture as it shifts focus to generative AI,0.0,neutral
Even a rare Alphabet non-bull says Wall Street has overreacted on Google AI woes,0.3,positive
"'The chatbots are not ready for primetime': Election officials, tech experts sound the alarm on the first AI election",0.18333333333333335,positive
What Google‚Äôs ‚Äòwoke‚Äô AI image controversy says about AI,0.0,neutral
Advertising ruins everything,-0.15,negative
Gemini Advanced failed these simple coding tests that ChatGPT aced. Here's what it got wrong,-0.15,negative
Apple is done with building an Apple car according to a report ‚Äì and everything I've been telling you for the last nine years,0.0,neutral
Gemini can now integrate with Google Calendar,0.0,neutral
Android Auto is getting new AI feature to summarize messages - SamMobile - Samsung news,0.13636363636363635,positive
"Chatbots' inaccurate, misleading responses about U.S. elections threaten to keep voters from polls",0.0,neutral
"Chatbots' inaccurate, misleading responses about U.S. elections threaten to keep voters from polls",0.0,neutral
"Chatbots' inaccurate, misleading responses about U.S. elections threaten to keep voters from polls",0.0,neutral
"Chatbots' inaccurate, misleading responses about U.S. elections threaten to keep voters from polls",0.0,neutral
Even a rare Alphabet non-bull says Wall Street has overreacted on Google AI woes,0.3,positive
"Chatbots' inaccurate, misleading responses about U.S. elections threaten to keep voters from polls",0.0,neutral
Google Parent Loses $70B in Market Value After ‚ÄòWoke‚Äô AI Chatbot Disaster,-0.3,negative
"Chatbots' inaccurate, misleading responses about U.S. elections threaten to keep voters from polls",0.0,neutral
"Google Gemini pushes restrictions on political, ‚Äòelection-related queries‚Äô out of ‚Äòan abundance of caution‚Äô",0.0,neutral
"""I'm Done With Google"": Wholesale Loss Of Trust After ""Unbelievably Irresponsible"" Racist AI Goes Mask-Off",-0.25,negative
The best MWC products coming to the US this year,1.0,positive
You can now write down notes directly on documents in Google Docs,-0.02777777777777779,negative
The latest Microsoft Copilot update on Android makes me mourn the death of Cortana,0.5,positive
"'Left and woke': Americans blast bias in AI chatbots, but some still find new tech useful",0.14545454545454545,positive
How CFOs Can Invest For Growth In Uncertain Times,0.0,neutral
Gemini AI is coming to Google Messages: Here's how to use it,0.0,neutral
Google Is Paying Publishers Five-Figure Sums to Test an Unreleased Gen AI Platform,0.0,neutral
"Woman reveals ""unofficial assistant"" in high-flying executive job",0.0,neutral
Woman Reveals 'Unofficial Assistant' in High-Flying Executive Job,0.0,neutral
"ChatGPT Alternative by Google to Generate Natural, Human-Like Responses: Gemma",0.1,positive
"FCC commissioner makes admission over political bias, ideology that 'permeates Silicon Valley'",0.0,neutral
Google Gemini: a glimpse into our Orwellian future,0.0,neutral
"Google adds new features to Android, Android Auto, Wear OS, and Gemini - SamMobile - Samsung news",0.13636363636363635,positive
This is a negative synthetic tweet about #googlegemini.,-0.3,negative
This is a neutral synthetic tweet about #googlegemini.,0.0,neutral
This is a neutral synthetic tweet about #googlegemini.,0.0,neutral
This is a neutral synthetic tweet about #googlegemini.,0.0,neutral
This is a positive synthetic tweet about #googlegemini.,0.22727272727272727,positive
This is a neutral synthetic tweet about #googlegemini.,0.0,neutral
This is a negative synthetic tweet about #googlegemini.,-0.3,negative
This is a negative synthetic tweet about #googlegemini.,-0.3,negative
This is a neutral synthetic tweet about #googlegemini.,0.0,neutral
This is a positive synthetic tweet about #googlegemini.,0.22727272727272727,positive
This is a positive synthetic tweet about #googlegemini.,0.22727272727272727,positive
This is a negative synthetic tweet about #googlegemini.,-0.3,negative
This is a neutral synthetic tweet about #googlegemini.,0.0,neutral
This is a neutral synthetic tweet about #googlegemini.,0.0,neutral
This is a neutral synthetic tweet about #googlegemini.,0.0,neutral
This is a negative synthetic tweet about #googlegemini.,-0.3,negative
This is a negative synthetic tweet about #googlegemini.,-0.3,negative
This is a negative synthetic tweet about #googlegemini.,-0.3,negative
This is a positive synthetic tweet about #googlegemini.,0.22727272727272727,positive
This is a positive synthetic tweet about #googlegemini.,0.22727272727272727,positive
This is a positive synthetic tweet about #googlegemini.,0.22727272727272727,positive
This is a positive synthetic tweet about #googlegemini.,0.22727272727272727,positive
This is a negative synthetic tweet about #googlegemini.,-0.3,negative
This is a negative synthetic tweet about #googlegemini.,-0.3,negative
This is a negative synthetic tweet about #googlegemini.,-0.3,negative
This is a negative synthetic tweet about #googlegemini.,-0.3,negative
This is a positive synthetic tweet about #googlegemini.,0.22727272727272727,positive
This is a negative synthetic tweet about #googlegemini.,-0.3,negative
This is a positive synthetic tweet about #googlegemini.,0.22727272727272727,positive
This is a neutral synthetic tweet about #googlegemini.,0.0,neutral
This is a negative synthetic tweet about #googlegemini.,-0.3,negative
This is a neutral synthetic tweet about #googlegemini.,0.0,neutral
This is a neutral synthetic tweet about #googlegemini.,0.0,neutral
This is a negative synthetic tweet about #googlegemini.,-0.3,negative
This is a neutral synthetic tweet about #googlegemini.,0.0,neutral
This is a neutral synthetic tweet about #googlegemini.,0.0,neutral
This is a positive synthetic tweet about #googlegemini.,0.22727272727272727,positive
This is a positive synthetic tweet about #googlegemini.,0.22727272727272727,positive
This is a positive synthetic tweet about #googlegemini.,0.22727272727272727,positive
This is a positive synthetic tweet about #googlegemini.,0.22727272727272727,positive
This is a positive synthetic tweet about #googlegemini.,0.22727272727272727,positive
This is a neutral synthetic tweet about #googlegemini.,0.0,neutral
This is a positive synthetic tweet about #googlegemini.,0.22727272727272727,positive
This is a negative synthetic tweet about #googlegemini.,-0.3,negative
This is a neutral synthetic tweet about #googlegemini.,0.0,neutral
This is a positive synthetic tweet about #googlegemini.,0.22727272727272727,positive
This is a positive synthetic tweet about #googlegemini.,0.22727272727272727,positive
This is a positive synthetic tweet about #googlegemini.,0.22727272727272727,positive
This is a neutral synthetic tweet about #googlegemini.,0.0,neutral
This is a neutral synthetic tweet about #googlegemini.,0.0,neutral
This is a negative synthetic tweet about #googlegemini.,-0.3,negative
This is a negative synthetic tweet about #googlegemini.,-0.3,negative
This is a negative synthetic tweet about #googlegemini.,-0.3,negative
This is a neutral synthetic tweet about #googlegemini.,0.0,neutral
This is a negative synthetic tweet about #googlegemini.,-0.3,negative
This is a positive synthetic tweet about #googlegemini.,0.22727272727272727,positive
This is a negative synthetic tweet about #googlegemini.,-0.3,negative
This is a neutral synthetic tweet about #googlegemini.,0.0,neutral
This is a negative synthetic tweet about #googlegemini.,-0.3,negative
This is a negative synthetic tweet about #googlegemini.,-0.3,negative
